filepath,filename,ext,size_bytes,width,height,aspect,is_readable
/content/drive/MyDrive/MASTER BIG DATA/md2_2025/ej4_clustering_flores/data/flores/Image_1.jpg,Image_1.jpg,.jpg,39837,320,240,1.3333,True
/content/drive/MyDrive/MASTER BIG DATA/md2_2025/ej4_clustering_flores/data/flores/Image_10.jpg,Image_10.jpg,.jpg,43432,320,240,1.3333,True
/content/drive/MyDrive/MASTER BIG DATA/md2_2025/ej4_clustering_flores/data/flores/Image_100.jpg,Image_100.jpg,.jpg,92258,500,375,1.3333,True
/content/drive/MyDrive/MASTER BIG DATA/md2_2025/ej4_clustering_flores/data/flores/Image_101.jpg,Image_101.jpg,.jpg,45724,320,240,1.3333,True
/content/drive/MyDrive/MASTER BIG DATA/md2_2025/ej4_clustering_flores/data/flores/Image_102.jpg,Image_102.jpg,.jpg,24647,320,240,1.3333,True
/content/drive/MyDrive/MASTER BIG DATA/md2_2025/ej4_clustering_flores/data/flores/Image_103.jpg,Image_103.jpg,.jpg,49099,500,414,1.2077,True
/content/drive/MyDrive/MASTER BIG DATA/md2_2025/ej4_clustering_flores/data/flores/Image_104.jpg,Image_104.jpg,.jpg,56459,500,332,1.506,True
/content/drive/MyDrive/MASTER BIG DATA/md2_2025/ej4_clustering_flores/data/flores/Image_105.jpg,Image_105.jpg,.jpg,20211,184,240,0.7667,True
/content/drive/MyDrive/MASTER BIG DATA/md2_2025/ej4_clustering_flores/data/flores/Image_106.jpg,Image_106.jpg,.jpg,152410,500,322,1.5528,True
/content/drive/MyDrive/MASTER BIG DATA/md2_2025/ej4_clustering_flores/data/flores/Image_107.jpg,Image_107.jpg,.jpg,39765,207,240,0.8625,True
/content/drive/MyDrive/MASTER BIG DATA/md2_2025/ej4_clustering_flores/data/flores/Image_108.jpg,Image_108.jpg,.jpg,43289,320,240,1.3333,True
/content/drive/MyDrive/MASTER BIG DATA/md2_2025/ej4_clustering_flores/data/flores/Image_109.jpg,Image_109.jpg,.jpg,61458,320,240,1.3333,True
/content/drive/MyDrive/MASTER BIG DATA/md2_2025/ej4_clustering_flores/data/flores/Image_11.jpg,Image_11.jpg,.jpg,121659,500,334,1.497,True
/content/drive/MyDrive/MASTER BIG DATA/md2_2025/ej4_clustering_flores/data/flores/Image_110.jpg,Image_110.jpg,.jpg,19828,212,240,0.8833,True
/content/drive/MyDrive/MASTER BIG DATA/md2_2025/ej4_clustering_flores/data/flores/Image_111.jpg,Image_111.jpg,.jpg,16819,172,240,0.7167,True
/content/drive/MyDrive/MASTER BIG DATA/md2_2025/ej4_clustering_flores/data/flores/Image_112.jpg,Image_112.jpg,.jpg,62333,320,240,1.3333,True
/content/drive/MyDrive/MASTER BIG DATA/md2_2025/ej4_clustering_flores/data/flores/Image_113.jpg,Image_113.jpg,.jpg,106361,500,375,1.3333,True
/content/drive/MyDrive/MASTER BIG DATA/md2_2025/ej4_clustering_flores/data/flores/Image_114.jpg,Image_114.jpg,.jpg,30855,500,265,1.8868,True
/content/drive/MyDrive/MASTER BIG DATA/md2_2025/ej4_clustering_flores/data/flores/Image_115.jpg,Image_115.jpg,.jpg,34735,240,240,1.0,True
/content/drive/MyDrive/MASTER BIG DATA/md2_2025/ej4_clustering_flores/data/flores/Image_116.jpg,Image_116.jpg,.jpg,106353,500,333,1.5015,True
/content/drive/MyDrive/MASTER BIG DATA/md2_2025/ej4_clustering_flores/data/flores/Image_117.jpg,Image_117.jpg,.jpg,22908,180,240,0.75,True
/content/drive/MyDrive/MASTER BIG DATA/md2_2025/ej4_clustering_flores/data/flores/Image_118.jpg,Image_118.jpg,.jpg,74451,500,357,1.4006,True
/content/drive/MyDrive/MASTER BIG DATA/md2_2025/ej4_clustering_flores/data/flores/Image_119.jpg,Image_119.jpg,.jpg,20283,320,240,1.3333,True
/content/drive/MyDrive/MASTER BIG DATA/md2_2025/ej4_clustering_flores/data/flores/Image_12.jpg,Image_12.jpg,.jpg,24279,320,240,1.3333,True
/content/drive/MyDrive/MASTER BIG DATA/md2_2025/ej4_clustering_flores/data/flores/Image_120.jpg,Image_120.jpg,.jpg,10949,159,240,0.6625,True
/content/drive/MyDrive/MASTER BIG DATA/md2_2025/ej4_clustering_flores/data/flores/Image_121.jpg,Image_121.jpg,.jpg,34801,320,240,1.3333,True
/content/drive/MyDrive/MASTER BIG DATA/md2_2025/ej4_clustering_flores/data/flores/Image_122.jpg,Image_122.jpg,.jpg,112899,500,333,1.5015,True
/content/drive/MyDrive/MASTER BIG DATA/md2_2025/ej4_clustering_flores/data/flores/Image_123.jpg,Image_123.jpg,.jpg,47198,320,253,1.2648,True
/content/drive/MyDrive/MASTER BIG DATA/md2_2025/ej4_clustering_flores/data/flores/Image_124.jpg,Image_124.jpg,.jpg,31527,320,232,1.3793,True
/content/drive/MyDrive/MASTER BIG DATA/md2_2025/ej4_clustering_flores/data/flores/Image_125.jpg,Image_125.jpg,.jpg,29626,240,240,1.0,True
/content/drive/MyDrive/MASTER BIG DATA/md2_2025/ej4_clustering_flores/data/flores/Image_126.jpg,Image_126.jpg,.jpg,39112,386,320,1.2063,True
/content/drive/MyDrive/MASTER BIG DATA/md2_2025/ej4_clustering_flores/data/flores/Image_127.jpg,Image_127.jpg,.jpg,92145,500,407,1.2285,True
/content/drive/MyDrive/MASTER BIG DATA/md2_2025/ej4_clustering_flores/data/flores/Image_128.jpg,Image_128.jpg,.jpg,64311,500,334,1.497,True
/content/drive/MyDrive/MASTER BIG DATA/md2_2025/ej4_clustering_flores/data/flores/Image_129.jpg,Image_129.jpg,.jpg,29891,320,263,1.2167,True
/content/drive/MyDrive/MASTER BIG DATA/md2_2025/ej4_clustering_flores/data/flores/Image_13.jpg,Image_13.jpg,.jpg,109603,500,333,1.5015,True
/content/drive/MyDrive/MASTER BIG DATA/md2_2025/ej4_clustering_flores/data/flores/Image_130.jpg,Image_130.jpg,.jpg,62468,500,281,1.7794,True
/content/drive/MyDrive/MASTER BIG DATA/md2_2025/ej4_clustering_flores/data/flores/Image_131.jpg,Image_131.jpg,.jpg,37120,320,289,1.1073,True
/content/drive/MyDrive/MASTER BIG DATA/md2_2025/ej4_clustering_flores/data/flores/Image_132.jpg,Image_132.jpg,.jpg,136031,500,333,1.5015,True
/content/drive/MyDrive/MASTER BIG DATA/md2_2025/ej4_clustering_flores/data/flores/Image_133.jpg,Image_133.jpg,.jpg,64148,500,333,1.5015,True
/content/drive/MyDrive/MASTER BIG DATA/md2_2025/ej4_clustering_flores/data/flores/Image_134.jpg,Image_134.jpg,.jpg,85726,500,333,1.5015,True
/content/drive/MyDrive/MASTER BIG DATA/md2_2025/ej4_clustering_flores/data/flores/Image_135.jpg,Image_135.jpg,.jpg,81701,500,375,1.3333,True
/content/drive/MyDrive/MASTER BIG DATA/md2_2025/ej4_clustering_flores/data/flores/Image_136.jpg,Image_136.jpg,.jpg,42271,500,334,1.497,True
/content/drive/MyDrive/MASTER BIG DATA/md2_2025/ej4_clustering_flores/data/flores/Image_137.jpg,Image_137.jpg,.jpg,51257,500,375,1.3333,True
/content/drive/MyDrive/MASTER BIG DATA/md2_2025/ej4_clustering_flores/data/flores/Image_138.jpg,Image_138.jpg,.jpg,13462,240,240,1.0,True
/content/drive/MyDrive/MASTER BIG DATA/md2_2025/ej4_clustering_flores/data/flores/Image_139.jpg,Image_139.jpg,.jpg,23294,180,240,0.75,True
/content/drive/MyDrive/MASTER BIG DATA/md2_2025/ej4_clustering_flores/data/flores/Image_14.jpg,Image_14.jpg,.jpg,33279,320,236,1.3559,True
/content/drive/MyDrive/MASTER BIG DATA/md2_2025/ej4_clustering_flores/data/flores/Image_140.jpg,Image_140.jpg,.jpg,25859,237,240,0.9875,True
/content/drive/MyDrive/MASTER BIG DATA/md2_2025/ej4_clustering_flores/data/flores/Image_141.jpg,Image_141.jpg,.jpg,86348,500,333,1.5015,True
/content/drive/MyDrive/MASTER BIG DATA/md2_2025/ej4_clustering_flores/data/flores/Image_142.jpg,Image_142.jpg,.jpg,54841,500,333,1.5015,True
/content/drive/MyDrive/MASTER BIG DATA/md2_2025/ej4_clustering_flores/data/flores/Image_143.jpg,Image_143.jpg,.jpg,32095,320,240,1.3333,True
/content/drive/MyDrive/MASTER BIG DATA/md2_2025/ej4_clustering_flores/data/flores/Image_144.jpg,Image_144.jpg,.jpg,124989,500,333,1.5015,True
/content/drive/MyDrive/MASTER BIG DATA/md2_2025/ej4_clustering_flores/data/flores/Image_145.jpg,Image_145.jpg,.jpg,83893,500,325,1.5385,True
/content/drive/MyDrive/MASTER BIG DATA/md2_2025/ej4_clustering_flores/data/flores/Image_146.jpg,Image_146.jpg,.jpg,85933,500,375,1.3333,True
/content/drive/MyDrive/MASTER BIG DATA/md2_2025/ej4_clustering_flores/data/flores/Image_147.jpg,Image_147.jpg,.jpg,55898,320,240,1.3333,True
/content/drive/MyDrive/MASTER BIG DATA/md2_2025/ej4_clustering_flores/data/flores/Image_148.jpg,Image_148.jpg,.jpg,15859,179,240,0.7458,True
/content/drive/MyDrive/MASTER BIG DATA/md2_2025/ej4_clustering_flores/data/flores/Image_149.jpg,Image_149.jpg,.jpg,154641,500,375,1.3333,True
/content/drive/MyDrive/MASTER BIG DATA/md2_2025/ej4_clustering_flores/data/flores/Image_15.jpg,Image_15.jpg,.jpg,24379,180,240,0.75,True
/content/drive/MyDrive/MASTER BIG DATA/md2_2025/ej4_clustering_flores/data/flores/Image_150.jpg,Image_150.jpg,.jpg,78030,500,375,1.3333,True
/content/drive/MyDrive/MASTER BIG DATA/md2_2025/ej4_clustering_flores/data/flores/Image_151.jpg,Image_151.jpg,.jpg,48725,500,333,1.5015,True
/content/drive/MyDrive/MASTER BIG DATA/md2_2025/ej4_clustering_flores/data/flores/Image_152.jpg,Image_152.jpg,.jpg,51483,320,213,1.5023,True
/content/drive/MyDrive/MASTER BIG DATA/md2_2025/ej4_clustering_flores/data/flores/Image_153.jpg,Image_153.jpg,.jpg,24445,320,218,1.4679,True
/content/drive/MyDrive/MASTER BIG DATA/md2_2025/ej4_clustering_flores/data/flores/Image_154.jpg,Image_154.jpg,.jpg,15989,240,240,1.0,True
/content/drive/MyDrive/MASTER BIG DATA/md2_2025/ej4_clustering_flores/data/flores/Image_155.jpg,Image_155.jpg,.jpg,27575,240,240,1.0,True
/content/drive/MyDrive/MASTER BIG DATA/md2_2025/ej4_clustering_flores/data/flores/Image_156.jpg,Image_156.jpg,.jpg,55993,500,333,1.5015,True
/content/drive/MyDrive/MASTER BIG DATA/md2_2025/ej4_clustering_flores/data/flores/Image_157.jpg,Image_157.jpg,.jpg,23764,320,213,1.5023,True
/content/drive/MyDrive/MASTER BIG DATA/md2_2025/ej4_clustering_flores/data/flores/Image_158.jpg,Image_158.jpg,.jpg,24838,320,222,1.4414,True
/content/drive/MyDrive/MASTER BIG DATA/md2_2025/ej4_clustering_flores/data/flores/Image_159.jpg,Image_159.jpg,.jpg,107241,500,425,1.1765,True
/content/drive/MyDrive/MASTER BIG DATA/md2_2025/ej4_clustering_flores/data/flores/Image_16.jpg,Image_16.jpg,.jpg,28201,180,240,0.75,True
/content/drive/MyDrive/MASTER BIG DATA/md2_2025/ej4_clustering_flores/data/flores/Image_160.jpg,Image_160.jpg,.jpg,22950,198,240,0.825,True
/content/drive/MyDrive/MASTER BIG DATA/md2_2025/ej4_clustering_flores/data/flores/Image_161.jpg,Image_161.jpg,.jpg,52385,320,231,1.3853,True
/content/drive/MyDrive/MASTER BIG DATA/md2_2025/ej4_clustering_flores/data/flores/Image_162.jpg,Image_162.jpg,.jpg,19919,320,240,1.3333,True
/content/drive/MyDrive/MASTER BIG DATA/md2_2025/ej4_clustering_flores/data/flores/Image_163.jpg,Image_163.jpg,.jpg,37525,320,240,1.3333,True
/content/drive/MyDrive/MASTER BIG DATA/md2_2025/ej4_clustering_flores/data/flores/Image_164.jpg,Image_164.jpg,.jpg,30344,500,333,1.5015,True
/content/drive/MyDrive/MASTER BIG DATA/md2_2025/ej4_clustering_flores/data/flores/Image_165.jpg,Image_165.jpg,.jpg,80021,320,240,1.3333,True
/content/drive/MyDrive/MASTER BIG DATA/md2_2025/ej4_clustering_flores/data/flores/Image_166.jpg,Image_166.jpg,.jpg,20116,320,240,1.3333,True
/content/drive/MyDrive/MASTER BIG DATA/md2_2025/ej4_clustering_flores/data/flores/Image_167.jpg,Image_167.jpg,.jpg,74109,500,375,1.3333,True
/content/drive/MyDrive/MASTER BIG DATA/md2_2025/ej4_clustering_flores/data/flores/Image_168.jpg,Image_168.jpg,.jpg,29688,320,213,1.5023,True
/content/drive/MyDrive/MASTER BIG DATA/md2_2025/ej4_clustering_flores/data/flores/Image_169.jpg,Image_169.jpg,.jpg,54064,320,240,1.3333,True
/content/drive/MyDrive/MASTER BIG DATA/md2_2025/ej4_clustering_flores/data/flores/Image_17.jpg,Image_17.jpg,.jpg,51624,500,336,1.4881,True
/content/drive/MyDrive/MASTER BIG DATA/md2_2025/ej4_clustering_flores/data/flores/Image_170.jpg,Image_170.jpg,.jpg,71866,441,390,1.1308,True
/content/drive/MyDrive/MASTER BIG DATA/md2_2025/ej4_clustering_flores/data/flores/Image_171.jpg,Image_171.jpg,.jpg,48210,320,240,1.3333,True
/content/drive/MyDrive/MASTER BIG DATA/md2_2025/ej4_clustering_flores/data/flores/Image_172.jpg,Image_172.jpg,.jpg,42211,320,257,1.2451,True
/content/drive/MyDrive/MASTER BIG DATA/md2_2025/ej4_clustering_flores/data/flores/Image_173.jpg,Image_173.jpg,.jpg,104410,500,333,1.5015,True
/content/drive/MyDrive/MASTER BIG DATA/md2_2025/ej4_clustering_flores/data/flores/Image_174.jpg,Image_174.jpg,.jpg,41338,320,213,1.5023,True
/content/drive/MyDrive/MASTER BIG DATA/md2_2025/ej4_clustering_flores/data/flores/Image_175.jpg,Image_175.jpg,.jpg,66683,500,333,1.5015,True
/content/drive/MyDrive/MASTER BIG DATA/md2_2025/ej4_clustering_flores/data/flores/Image_176.jpg,Image_176.jpg,.jpg,32573,320,240,1.3333,True
/content/drive/MyDrive/MASTER BIG DATA/md2_2025/ej4_clustering_flores/data/flores/Image_177.jpg,Image_177.jpg,.jpg,86897,500,333,1.5015,True
/content/drive/MyDrive/MASTER BIG DATA/md2_2025/ej4_clustering_flores/data/flores/Image_178.jpg,Image_178.jpg,.jpg,18643,197,240,0.8208,True
/content/drive/MyDrive/MASTER BIG DATA/md2_2025/ej4_clustering_flores/data/flores/Image_179.jpg,Image_179.jpg,.jpg,72855,500,375,1.3333,True
/content/drive/MyDrive/MASTER BIG DATA/md2_2025/ej4_clustering_flores/data/flores/Image_18.jpg,Image_18.jpg,.jpg,75275,500,375,1.3333,True
/content/drive/MyDrive/MASTER BIG DATA/md2_2025/ej4_clustering_flores/data/flores/Image_180.jpg,Image_180.jpg,.jpg,26421,320,246,1.3008,True
/content/drive/MyDrive/MASTER BIG DATA/md2_2025/ej4_clustering_flores/data/flores/Image_181.jpg,Image_181.jpg,.jpg,45497,320,240,1.3333,True
/content/drive/MyDrive/MASTER BIG DATA/md2_2025/ej4_clustering_flores/data/flores/Image_182.jpg,Image_182.jpg,.jpg,20858,180,240,0.75,True
/content/drive/MyDrive/MASTER BIG DATA/md2_2025/ej4_clustering_flores/data/flores/Image_183.jpg,Image_183.jpg,.jpg,39664,240,223,1.0762,True
/content/drive/MyDrive/MASTER BIG DATA/md2_2025/ej4_clustering_flores/data/flores/Image_184.jpg,Image_184.jpg,.jpg,89356,500,333,1.5015,True
/content/drive/MyDrive/MASTER BIG DATA/md2_2025/ej4_clustering_flores/data/flores/Image_185.jpg,Image_185.jpg,.jpg,30800,320,229,1.3974,True
/content/drive/MyDrive/MASTER BIG DATA/md2_2025/ej4_clustering_flores/data/flores/Image_186.jpg,Image_186.jpg,.jpg,43239,320,238,1.3445,True
/content/drive/MyDrive/MASTER BIG DATA/md2_2025/ej4_clustering_flores/data/flores/Image_187.jpg,Image_187.jpg,.jpg,80829,500,333,1.5015,True
/content/drive/MyDrive/MASTER BIG DATA/md2_2025/ej4_clustering_flores/data/flores/Image_188.jpg,Image_188.jpg,.jpg,30610,235,240,0.9792,True
/content/drive/MyDrive/MASTER BIG DATA/md2_2025/ej4_clustering_flores/data/flores/Image_189.jpg,Image_189.jpg,.jpg,19158,231,240,0.9625,True
/content/drive/MyDrive/MASTER BIG DATA/md2_2025/ej4_clustering_flores/data/flores/Image_19.jpg,Image_19.jpg,.jpg,56943,500,376,1.3298,True
/content/drive/MyDrive/MASTER BIG DATA/md2_2025/ej4_clustering_flores/data/flores/Image_190.jpg,Image_190.jpg,.jpg,54679,320,224,1.4286,True
/content/drive/MyDrive/MASTER BIG DATA/md2_2025/ej4_clustering_flores/data/flores/Image_191.jpg,Image_191.jpg,.jpg,16630,175,240,0.7292,True
/content/drive/MyDrive/MASTER BIG DATA/md2_2025/ej4_clustering_flores/data/flores/Image_192.jpg,Image_192.jpg,.jpg,33029,192,240,0.8,True
/content/drive/MyDrive/MASTER BIG DATA/md2_2025/ej4_clustering_flores/data/flores/Image_193.jpg,Image_193.jpg,.jpg,51151,500,333,1.5015,True
/content/drive/MyDrive/MASTER BIG DATA/md2_2025/ej4_clustering_flores/data/flores/Image_194.jpg,Image_194.jpg,.jpg,15246,240,240,1.0,True
/content/drive/MyDrive/MASTER BIG DATA/md2_2025/ej4_clustering_flores/data/flores/Image_195.jpg,Image_195.jpg,.jpg,58473,320,213,1.5023,True
/content/drive/MyDrive/MASTER BIG DATA/md2_2025/ej4_clustering_flores/data/flores/Image_196.jpg,Image_196.jpg,.jpg,108124,500,375,1.3333,True
/content/drive/MyDrive/MASTER BIG DATA/md2_2025/ej4_clustering_flores/data/flores/Image_197.jpg,Image_197.jpg,.jpg,46195,320,213,1.5023,True
/content/drive/MyDrive/MASTER BIG DATA/md2_2025/ej4_clustering_flores/data/flores/Image_198.jpg,Image_198.jpg,.jpg,26550,180,240,0.75,True
/content/drive/MyDrive/MASTER BIG DATA/md2_2025/ej4_clustering_flores/data/flores/Image_199.jpg,Image_199.jpg,.jpg,25495,320,240,1.3333,True
/content/drive/MyDrive/MASTER BIG DATA/md2_2025/ej4_clustering_flores/data/flores/Image_2.jpg,Image_2.jpg,.jpg,47841,320,240,1.3333,True
/content/drive/MyDrive/MASTER BIG DATA/md2_2025/ej4_clustering_flores/data/flores/Image_20.jpg,Image_20.jpg,.jpg,60998,500,414,1.2077,True
/content/drive/MyDrive/MASTER BIG DATA/md2_2025/ej4_clustering_flores/data/flores/Image_200.jpg,Image_200.jpg,.jpg,30942,240,232,1.0345,True
/content/drive/MyDrive/MASTER BIG DATA/md2_2025/ej4_clustering_flores/data/flores/Image_201.jpg,Image_201.jpg,.jpg,41384,320,241,1.3278,True
/content/drive/MyDrive/MASTER BIG DATA/md2_2025/ej4_clustering_flores/data/flores/Image_202.jpg,Image_202.jpg,.jpg,22272,320,240,1.3333,True
/content/drive/MyDrive/MASTER BIG DATA/md2_2025/ej4_clustering_flores/data/flores/Image_203.jpg,Image_203.jpg,.jpg,37262,500,338,1.4793,True
/content/drive/MyDrive/MASTER BIG DATA/md2_2025/ej4_clustering_flores/data/flores/Image_204.jpg,Image_204.jpg,.jpg,25454,320,219,1.4612,True
/content/drive/MyDrive/MASTER BIG DATA/md2_2025/ej4_clustering_flores/data/flores/Image_205.jpg,Image_205.jpg,.jpg,19926,320,240,1.3333,True
/content/drive/MyDrive/MASTER BIG DATA/md2_2025/ej4_clustering_flores/data/flores/Image_206.jpg,Image_206.jpg,.jpg,26456,320,240,1.3333,True
/content/drive/MyDrive/MASTER BIG DATA/md2_2025/ej4_clustering_flores/data/flores/Image_207.jpg,Image_207.jpg,.jpg,50159,320,240,1.3333,True
/content/drive/MyDrive/MASTER BIG DATA/md2_2025/ej4_clustering_flores/data/flores/Image_208.jpg,Image_208.jpg,.jpg,26896,320,239,1.3389,True
/content/drive/MyDrive/MASTER BIG DATA/md2_2025/ej4_clustering_flores/data/flores/Image_209.jpg,Image_209.jpg,.jpg,66729,500,333,1.5015,True
/content/drive/MyDrive/MASTER BIG DATA/md2_2025/ej4_clustering_flores/data/flores/Image_21.jpg,Image_21.jpg,.jpg,79478,500,375,1.3333,True
/content/drive/MyDrive/MASTER BIG DATA/md2_2025/ej4_clustering_flores/data/flores/Image_210.jpg,Image_210.jpg,.jpg,60755,320,240,1.3333,True
/content/drive/MyDrive/MASTER BIG DATA/md2_2025/ej4_clustering_flores/data/flores/Image_211.jpg,Image_211.jpg,.jpg,94246,500,333,1.5015,True
/content/drive/MyDrive/MASTER BIG DATA/md2_2025/ej4_clustering_flores/data/flores/Image_212.jpg,Image_212.jpg,.jpg,71879,500,375,1.3333,True
/content/drive/MyDrive/MASTER BIG DATA/md2_2025/ej4_clustering_flores/data/flores/Image_213.jpg,Image_213.jpg,.jpg,19826,180,240,0.75,True
/content/drive/MyDrive/MASTER BIG DATA/md2_2025/ej4_clustering_flores/data/flores/Image_214.jpg,Image_214.jpg,.jpg,68143,500,333,1.5015,True
/content/drive/MyDrive/MASTER BIG DATA/md2_2025/ej4_clustering_flores/data/flores/Image_215.jpg,Image_215.jpg,.jpg,114751,500,375,1.3333,True
/content/drive/MyDrive/MASTER BIG DATA/md2_2025/ej4_clustering_flores/data/flores/Image_216.jpg,Image_216.jpg,.jpg,48121,500,341,1.4663,True
/content/drive/MyDrive/MASTER BIG DATA/md2_2025/ej4_clustering_flores/data/flores/Image_217.jpg,Image_217.jpg,.jpg,40006,500,333,1.5015,True
/content/drive/MyDrive/MASTER BIG DATA/md2_2025/ej4_clustering_flores/data/flores/Image_218.jpg,Image_218.jpg,.jpg,23652,240,240,1.0,True
/content/drive/MyDrive/MASTER BIG DATA/md2_2025/ej4_clustering_flores/data/flores/Image_219.jpg,Image_219.jpg,.jpg,41317,500,375,1.3333,True
/content/drive/MyDrive/MASTER BIG DATA/md2_2025/ej4_clustering_flores/data/flores/Image_22.jpg,Image_22.jpg,.jpg,37406,320,240,1.3333,True
/content/drive/MyDrive/MASTER BIG DATA/md2_2025/ej4_clustering_flores/data/flores/Image_220.jpg,Image_220.jpg,.jpg,99666,500,375,1.3333,True
/content/drive/MyDrive/MASTER BIG DATA/md2_2025/ej4_clustering_flores/data/flores/Image_221.jpg,Image_221.jpg,.jpg,28200,320,213,1.5023,True
/content/drive/MyDrive/MASTER BIG DATA/md2_2025/ej4_clustering_flores/data/flores/Image_222.jpg,Image_222.jpg,.jpg,99573,500,375,1.3333,True
/content/drive/MyDrive/MASTER BIG DATA/md2_2025/ej4_clustering_flores/data/flores/Image_223.jpg,Image_223.jpg,.jpg,60718,320,240,1.3333,True
/content/drive/MyDrive/MASTER BIG DATA/md2_2025/ej4_clustering_flores/data/flores/Image_224.jpg,Image_224.jpg,.jpg,175391,500,441,1.1338,True
/content/drive/MyDrive/MASTER BIG DATA/md2_2025/ej4_clustering_flores/data/flores/Image_225.jpg,Image_225.jpg,.jpg,36724,240,221,1.086,True
/content/drive/MyDrive/MASTER BIG DATA/md2_2025/ej4_clustering_flores/data/flores/Image_226.jpg,Image_226.jpg,.jpg,25665,180,240,0.75,True
/content/drive/MyDrive/MASTER BIG DATA/md2_2025/ej4_clustering_flores/data/flores/Image_227.jpg,Image_227.jpg,.jpg,37096,240,240,1.0,True
/content/drive/MyDrive/MASTER BIG DATA/md2_2025/ej4_clustering_flores/data/flores/Image_228.jpg,Image_228.jpg,.jpg,37733,320,240,1.3333,True
/content/drive/MyDrive/MASTER BIG DATA/md2_2025/ej4_clustering_flores/data/flores/Image_229.jpg,Image_229.jpg,.jpg,75415,320,240,1.3333,True
/content/drive/MyDrive/MASTER BIG DATA/md2_2025/ej4_clustering_flores/data/flores/Image_23.jpg,Image_23.jpg,.jpg,14639,240,230,1.0435,True
/content/drive/MyDrive/MASTER BIG DATA/md2_2025/ej4_clustering_flores/data/flores/Image_230.jpg,Image_230.jpg,.jpg,71085,500,311,1.6077,True
/content/drive/MyDrive/MASTER BIG DATA/md2_2025/ej4_clustering_flores/data/flores/Image_231.jpg,Image_231.jpg,.jpg,28717,180,240,0.75,True
/content/drive/MyDrive/MASTER BIG DATA/md2_2025/ej4_clustering_flores/data/flores/Image_232.jpg,Image_232.jpg,.jpg,36434,500,333,1.5015,True
/content/drive/MyDrive/MASTER BIG DATA/md2_2025/ej4_clustering_flores/data/flores/Image_233.jpg,Image_233.jpg,.jpg,42488,320,238,1.3445,True
/content/drive/MyDrive/MASTER BIG DATA/md2_2025/ej4_clustering_flores/data/flores/Image_234.jpg,Image_234.jpg,.jpg,22110,320,217,1.4747,True
/content/drive/MyDrive/MASTER BIG DATA/md2_2025/ej4_clustering_flores/data/flores/Image_235.jpg,Image_235.jpg,.jpg,41180,320,232,1.3793,True
/content/drive/MyDrive/MASTER BIG DATA/md2_2025/ej4_clustering_flores/data/flores/Image_236.jpg,Image_236.jpg,.jpg,105024,500,398,1.2563,True
/content/drive/MyDrive/MASTER BIG DATA/md2_2025/ej4_clustering_flores/data/flores/Image_237.jpg,Image_237.jpg,.jpg,123786,500,375,1.3333,True
/content/drive/MyDrive/MASTER BIG DATA/md2_2025/ej4_clustering_flores/data/flores/Image_238.jpg,Image_238.jpg,.jpg,101503,500,332,1.506,True
/content/drive/MyDrive/MASTER BIG DATA/md2_2025/ej4_clustering_flores/data/flores/Image_239.jpg,Image_239.jpg,.jpg,58633,500,335,1.4925,True
/content/drive/MyDrive/MASTER BIG DATA/md2_2025/ej4_clustering_flores/data/flores/Image_24.jpg,Image_24.jpg,.jpg,67195,320,240,1.3333,True
/content/drive/MyDrive/MASTER BIG DATA/md2_2025/ej4_clustering_flores/data/flores/Image_240.jpg,Image_240.jpg,.jpg,28894,180,240,0.75,True
/content/drive/MyDrive/MASTER BIG DATA/md2_2025/ej4_clustering_flores/data/flores/Image_241.jpg,Image_241.jpg,.jpg,50614,320,213,1.5023,True
/content/drive/MyDrive/MASTER BIG DATA/md2_2025/ej4_clustering_flores/data/flores/Image_242.jpg,Image_242.jpg,.jpg,80118,500,333,1.5015,True
/content/drive/MyDrive/MASTER BIG DATA/md2_2025/ej4_clustering_flores/data/flores/Image_243.jpg,Image_243.jpg,.jpg,18506,180,240,0.75,True
/content/drive/MyDrive/MASTER BIG DATA/md2_2025/ej4_clustering_flores/data/flores/Image_244.jpg,Image_244.jpg,.jpg,20374,240,226,1.0619,True
/content/drive/MyDrive/MASTER BIG DATA/md2_2025/ej4_clustering_flores/data/flores/Image_245.jpg,Image_245.jpg,.jpg,62069,500,246,2.0325,True
/content/drive/MyDrive/MASTER BIG DATA/md2_2025/ej4_clustering_flores/data/flores/Image_246.jpg,Image_246.jpg,.jpg,22242,240,218,1.1009,True
/content/drive/MyDrive/MASTER BIG DATA/md2_2025/ej4_clustering_flores/data/flores/Image_247.jpg,Image_247.jpg,.jpg,55133,320,213,1.5023,True
/content/drive/MyDrive/MASTER BIG DATA/md2_2025/ej4_clustering_flores/data/flores/Image_248.jpg,Image_248.jpg,.jpg,59279,500,375,1.3333,True
/content/drive/MyDrive/MASTER BIG DATA/md2_2025/ej4_clustering_flores/data/flores/Image_249.jpg,Image_249.jpg,.jpg,36409,500,285,1.7544,True
/content/drive/MyDrive/MASTER BIG DATA/md2_2025/ej4_clustering_flores/data/flores/Image_25.jpg,Image_25.jpg,.jpg,79069,500,333,1.5015,True
/content/drive/MyDrive/MASTER BIG DATA/md2_2025/ej4_clustering_flores/data/flores/Image_250.jpg,Image_250.jpg,.jpg,22009,320,239,1.3389,True
/content/drive/MyDrive/MASTER BIG DATA/md2_2025/ej4_clustering_flores/data/flores/Image_251.jpg,Image_251.jpg,.jpg,77152,500,309,1.6181,True
/content/drive/MyDrive/MASTER BIG DATA/md2_2025/ej4_clustering_flores/data/flores/Image_252.jpg,Image_252.jpg,.jpg,48302,320,220,1.4545,True
/content/drive/MyDrive/MASTER BIG DATA/md2_2025/ej4_clustering_flores/data/flores/Image_253.jpg,Image_253.jpg,.jpg,66883,500,331,1.5106,True
/content/drive/MyDrive/MASTER BIG DATA/md2_2025/ej4_clustering_flores/data/flores/Image_254.jpg,Image_254.jpg,.jpg,100957,500,375,1.3333,True
/content/drive/MyDrive/MASTER BIG DATA/md2_2025/ej4_clustering_flores/data/flores/Image_255.jpg,Image_255.jpg,.jpg,23503,189,240,0.7875,True
/content/drive/MyDrive/MASTER BIG DATA/md2_2025/ej4_clustering_flores/data/flores/Image_256.jpg,Image_256.jpg,.jpg,37025,320,240,1.3333,True
/content/drive/MyDrive/MASTER BIG DATA/md2_2025/ej4_clustering_flores/data/flores/Image_257.jpg,Image_257.jpg,.jpg,42835,500,333,1.5015,True
/content/drive/MyDrive/MASTER BIG DATA/md2_2025/ej4_clustering_flores/data/flores/Image_258.jpg,Image_258.jpg,.jpg,41090,320,214,1.4953,True
/content/drive/MyDrive/MASTER BIG DATA/md2_2025/ej4_clustering_flores/data/flores/Image_259.jpg,Image_259.jpg,.jpg,46807,320,240,1.3333,True
/content/drive/MyDrive/MASTER BIG DATA/md2_2025/ej4_clustering_flores/data/flores/Image_26.jpg,Image_26.jpg,.jpg,38230,500,333,1.5015,True
/content/drive/MyDrive/MASTER BIG DATA/md2_2025/ej4_clustering_flores/data/flores/Image_260.jpg,Image_260.jpg,.jpg,26313,320,212,1.5094,True
/content/drive/MyDrive/MASTER BIG DATA/md2_2025/ej4_clustering_flores/data/flores/Image_261.jpg,Image_261.jpg,.jpg,88613,500,333,1.5015,True
/content/drive/MyDrive/MASTER BIG DATA/md2_2025/ej4_clustering_flores/data/flores/Image_262.jpg,Image_262.jpg,.jpg,26339,159,240,0.6625,True
/content/drive/MyDrive/MASTER BIG DATA/md2_2025/ej4_clustering_flores/data/flores/Image_263.jpg,Image_263.jpg,.jpg,33661,320,274,1.1679,True
/content/drive/MyDrive/MASTER BIG DATA/md2_2025/ej4_clustering_flores/data/flores/Image_264.jpg,Image_264.jpg,.jpg,159279,500,412,1.2136,True
/content/drive/MyDrive/MASTER BIG DATA/md2_2025/ej4_clustering_flores/data/flores/Image_265.jpg,Image_265.jpg,.jpg,32520,180,240,0.75,True
/content/drive/MyDrive/MASTER BIG DATA/md2_2025/ej4_clustering_flores/data/flores/Image_266.jpg,Image_266.jpg,.jpg,60364,320,240,1.3333,True
/content/drive/MyDrive/MASTER BIG DATA/md2_2025/ej4_clustering_flores/data/flores/Image_267.jpg,Image_267.jpg,.jpg,107293,500,348,1.4368,True
/content/drive/MyDrive/MASTER BIG DATA/md2_2025/ej4_clustering_flores/data/flores/Image_268.jpg,Image_268.jpg,.jpg,132702,500,334,1.497,True
/content/drive/MyDrive/MASTER BIG DATA/md2_2025/ej4_clustering_flores/data/flores/Image_269.jpg,Image_269.jpg,.jpg,58827,320,240,1.3333,True
/content/drive/MyDrive/MASTER BIG DATA/md2_2025/ej4_clustering_flores/data/flores/Image_27.jpg,Image_27.jpg,.jpg,27963,240,240,1.0,True
/content/drive/MyDrive/MASTER BIG DATA/md2_2025/ej4_clustering_flores/data/flores/Image_270.jpg,Image_270.jpg,.jpg,38597,186,240,0.775,True
/content/drive/MyDrive/MASTER BIG DATA/md2_2025/ej4_clustering_flores/data/flores/Image_271.jpg,Image_271.jpg,.jpg,18109,216,240,0.9,True
/content/drive/MyDrive/MASTER BIG DATA/md2_2025/ej4_clustering_flores/data/flores/Image_272.jpg,Image_272.jpg,.jpg,65353,320,279,1.147,True
/content/drive/MyDrive/MASTER BIG DATA/md2_2025/ej4_clustering_flores/data/flores/Image_273.jpg,Image_273.jpg,.jpg,26987,240,240,1.0,True
/content/drive/MyDrive/MASTER BIG DATA/md2_2025/ej4_clustering_flores/data/flores/Image_274.jpg,Image_274.jpg,.jpg,28781,180,240,0.75,True
/content/drive/MyDrive/MASTER BIG DATA/md2_2025/ej4_clustering_flores/data/flores/Image_275.jpg,Image_275.jpg,.jpg,94542,500,375,1.3333,True
/content/drive/MyDrive/MASTER BIG DATA/md2_2025/ej4_clustering_flores/data/flores/Image_276.jpg,Image_276.jpg,.jpg,36132,180,240,0.75,True
/content/drive/MyDrive/MASTER BIG DATA/md2_2025/ej4_clustering_flores/data/flores/Image_277.jpg,Image_277.jpg,.jpg,23756,500,333,1.5015,True
/content/drive/MyDrive/MASTER BIG DATA/md2_2025/ej4_clustering_flores/data/flores/Image_278.jpg,Image_278.jpg,.jpg,23220,320,213,1.5023,True
/content/drive/MyDrive/MASTER BIG DATA/md2_2025/ej4_clustering_flores/data/flores/Image_279.jpg,Image_279.jpg,.jpg,142765,500,375,1.3333,True
/content/drive/MyDrive/MASTER BIG DATA/md2_2025/ej4_clustering_flores/data/flores/Image_28.jpg,Image_28.jpg,.jpg,40096,240,239,1.0042,True
/content/drive/MyDrive/MASTER BIG DATA/md2_2025/ej4_clustering_flores/data/flores/Image_280.jpg,Image_280.jpg,.jpg,58650,500,332,1.506,True
/content/drive/MyDrive/MASTER BIG DATA/md2_2025/ej4_clustering_flores/data/flores/Image_281.jpg,Image_281.jpg,.jpg,22527,221,240,0.9208,True
/content/drive/MyDrive/MASTER BIG DATA/md2_2025/ej4_clustering_flores/data/flores/Image_282.jpg,Image_282.jpg,.jpg,110265,500,382,1.3089,True
/content/drive/MyDrive/MASTER BIG DATA/md2_2025/ej4_clustering_flores/data/flores/Image_283.jpg,Image_283.jpg,.jpg,23394,320,228,1.4035,True
/content/drive/MyDrive/MASTER BIG DATA/md2_2025/ej4_clustering_flores/data/flores/Image_284.jpg,Image_284.jpg,.jpg,24162,180,240,0.75,True
/content/drive/MyDrive/MASTER BIG DATA/md2_2025/ej4_clustering_flores/data/flores/Image_285.jpg,Image_285.jpg,.jpg,45563,500,333,1.5015,True
/content/drive/MyDrive/MASTER BIG DATA/md2_2025/ej4_clustering_flores/data/flores/Image_286.jpg,Image_286.jpg,.jpg,31543,180,240,0.75,True
/content/drive/MyDrive/MASTER BIG DATA/md2_2025/ej4_clustering_flores/data/flores/Image_287.jpg,Image_287.jpg,.jpg,83628,500,333,1.5015,True
/content/drive/MyDrive/MASTER BIG DATA/md2_2025/ej4_clustering_flores/data/flores/Image_288.jpg,Image_288.jpg,.jpg,98077,500,411,1.2165,True
/content/drive/MyDrive/MASTER BIG DATA/md2_2025/ej4_clustering_flores/data/flores/Image_289.jpg,Image_289.jpg,.jpg,32286,320,213,1.5023,True
/content/drive/MyDrive/MASTER BIG DATA/md2_2025/ej4_clustering_flores/data/flores/Image_29.jpg,Image_29.jpg,.jpg,78432,500,333,1.5015,True
/content/drive/MyDrive/MASTER BIG DATA/md2_2025/ej4_clustering_flores/data/flores/Image_290.jpg,Image_290.jpg,.jpg,88722,500,248,2.0161,True
/content/drive/MyDrive/MASTER BIG DATA/md2_2025/ej4_clustering_flores/data/flores/Image_291.jpg,Image_291.jpg,.jpg,47486,500,333,1.5015,True
/content/drive/MyDrive/MASTER BIG DATA/md2_2025/ej4_clustering_flores/data/flores/Image_292.jpg,Image_292.jpg,.jpg,28057,320,240,1.3333,True
/content/drive/MyDrive/MASTER BIG DATA/md2_2025/ej4_clustering_flores/data/flores/Image_293.jpg,Image_293.jpg,.jpg,24079,320,257,1.2451,True
/content/drive/MyDrive/MASTER BIG DATA/md2_2025/ej4_clustering_flores/data/flores/Image_294.jpg,Image_294.jpg,.jpg,139362,500,335,1.4925,True
/content/drive/MyDrive/MASTER BIG DATA/md2_2025/ej4_clustering_flores/data/flores/Image_295.jpg,Image_295.jpg,.jpg,37557,500,333,1.5015,True
/content/drive/MyDrive/MASTER BIG DATA/md2_2025/ej4_clustering_flores/data/flores/Image_296.jpg,Image_296.jpg,.jpg,41527,320,240,1.3333,True
/content/drive/MyDrive/MASTER BIG DATA/md2_2025/ej4_clustering_flores/data/flores/Image_297.jpg,Image_297.jpg,.jpg,92591,500,375,1.3333,True
/content/drive/MyDrive/MASTER BIG DATA/md2_2025/ej4_clustering_flores/data/flores/Image_298.jpg,Image_298.jpg,.jpg,8658,159,240,0.6625,True
/content/drive/MyDrive/MASTER BIG DATA/md2_2025/ej4_clustering_flores/data/flores/Image_299.jpg,Image_299.jpg,.jpg,78940,500,374,1.3369,True
/content/drive/MyDrive/MASTER BIG DATA/md2_2025/ej4_clustering_flores/data/flores/Image_3.jpg,Image_3.jpg,.jpg,13647,159,240,0.6625,True
/content/drive/MyDrive/MASTER BIG DATA/md2_2025/ej4_clustering_flores/data/flores/Image_30.jpg,Image_30.jpg,.jpg,47559,320,240,1.3333,True
/content/drive/MyDrive/MASTER BIG DATA/md2_2025/ej4_clustering_flores/data/flores/Image_300.jpg,Image_300.jpg,.jpg,65528,500,332,1.506,True
/content/drive/MyDrive/MASTER BIG DATA/md2_2025/ej4_clustering_flores/data/flores/Image_301.jpg,Image_301.jpg,.jpg,52037,240,226,1.0619,True
/content/drive/MyDrive/MASTER BIG DATA/md2_2025/ej4_clustering_flores/data/flores/Image_302.jpg,Image_302.jpg,.jpg,33009,320,240,1.3333,True
/content/drive/MyDrive/MASTER BIG DATA/md2_2025/ej4_clustering_flores/data/flores/Image_303.jpg,Image_303.jpg,.jpg,19303,320,213,1.5023,True
/content/drive/MyDrive/MASTER BIG DATA/md2_2025/ej4_clustering_flores/data/flores/Image_304.jpg,Image_304.jpg,.jpg,71625,500,333,1.5015,True
/content/drive/MyDrive/MASTER BIG DATA/md2_2025/ej4_clustering_flores/data/flores/Image_305.jpg,Image_305.jpg,.jpg,17632,240,240,1.0,True
/content/drive/MyDrive/MASTER BIG DATA/md2_2025/ej4_clustering_flores/data/flores/Image_306.jpg,Image_306.jpg,.jpg,59220,320,240,1.3333,True
/content/drive/MyDrive/MASTER BIG DATA/md2_2025/ej4_clustering_flores/data/flores/Image_307.jpg,Image_307.jpg,.jpg,31280,320,240,1.3333,True
/content/drive/MyDrive/MASTER BIG DATA/md2_2025/ej4_clustering_flores/data/flores/Image_308.jpg,Image_308.jpg,.jpg,11296,168,240,0.7,True
/content/drive/MyDrive/MASTER BIG DATA/md2_2025/ej4_clustering_flores/data/flores/Image_309.jpg,Image_309.jpg,.jpg,77107,500,281,1.7794,True
/content/drive/MyDrive/MASTER BIG DATA/md2_2025/ej4_clustering_flores/data/flores/Image_31.jpg,Image_31.jpg,.jpg,61315,500,333,1.5015,True
/content/drive/MyDrive/MASTER BIG DATA/md2_2025/ej4_clustering_flores/data/flores/Image_310.jpg,Image_310.jpg,.jpg,110462,500,333,1.5015,True
/content/drive/MyDrive/MASTER BIG DATA/md2_2025/ej4_clustering_flores/data/flores/Image_311.jpg,Image_311.jpg,.jpg,54760,320,271,1.1808,True
/content/drive/MyDrive/MASTER BIG DATA/md2_2025/ej4_clustering_flores/data/flores/Image_312.jpg,Image_312.jpg,.jpg,37547,320,240,1.3333,True
/content/drive/MyDrive/MASTER BIG DATA/md2_2025/ej4_clustering_flores/data/flores/Image_313.jpg,Image_313.jpg,.jpg,16902,180,240,0.75,True
/content/drive/MyDrive/MASTER BIG DATA/md2_2025/ej4_clustering_flores/data/flores/Image_314.jpg,Image_314.jpg,.jpg,56299,500,375,1.3333,True
/content/drive/MyDrive/MASTER BIG DATA/md2_2025/ej4_clustering_flores/data/flores/Image_315.jpg,Image_315.jpg,.jpg,18868,214,240,0.8917,True
/content/drive/MyDrive/MASTER BIG DATA/md2_2025/ej4_clustering_flores/data/flores/Image_316.jpg,Image_316.jpg,.jpg,45083,500,333,1.5015,True
/content/drive/MyDrive/MASTER BIG DATA/md2_2025/ej4_clustering_flores/data/flores/Image_317.jpg,Image_317.jpg,.jpg,56036,320,240,1.3333,True
/content/drive/MyDrive/MASTER BIG DATA/md2_2025/ej4_clustering_flores/data/flores/Image_318.jpg,Image_318.jpg,.jpg,23386,320,213,1.5023,True
/content/drive/MyDrive/MASTER BIG DATA/md2_2025/ej4_clustering_flores/data/flores/Image_319.jpg,Image_319.jpg,.jpg,49641,320,240,1.3333,True
/content/drive/MyDrive/MASTER BIG DATA/md2_2025/ej4_clustering_flores/data/flores/Image_32.jpg,Image_32.jpg,.jpg,71749,500,375,1.3333,True
/content/drive/MyDrive/MASTER BIG DATA/md2_2025/ej4_clustering_flores/data/flores/Image_320.jpg,Image_320.jpg,.jpg,19665,191,240,0.7958,True
/content/drive/MyDrive/MASTER BIG DATA/md2_2025/ej4_clustering_flores/data/flores/Image_321.jpg,Image_321.jpg,.jpg,79330,500,333,1.5015,True
/content/drive/MyDrive/MASTER BIG DATA/md2_2025/ej4_clustering_flores/data/flores/Image_322.jpg,Image_322.jpg,.jpg,32456,320,240,1.3333,True
/content/drive/MyDrive/MASTER BIG DATA/md2_2025/ej4_clustering_flores/data/flores/Image_323.jpg,Image_323.jpg,.jpg,33636,236,240,0.9833,True
/content/drive/MyDrive/MASTER BIG DATA/md2_2025/ej4_clustering_flores/data/flores/Image_324.jpg,Image_324.jpg,.jpg,69192,500,332,1.506,True
/content/drive/MyDrive/MASTER BIG DATA/md2_2025/ej4_clustering_flores/data/flores/Image_325.jpg,Image_325.jpg,.jpg,103362,500,375,1.3333,True
/content/drive/MyDrive/MASTER BIG DATA/md2_2025/ej4_clustering_flores/data/flores/Image_326.jpg,Image_326.jpg,.jpg,42289,320,240,1.3333,True
/content/drive/MyDrive/MASTER BIG DATA/md2_2025/ej4_clustering_flores/data/flores/Image_327.jpg,Image_327.jpg,.jpg,66263,500,375,1.3333,True
/content/drive/MyDrive/MASTER BIG DATA/md2_2025/ej4_clustering_flores/data/flores/Image_328.jpg,Image_328.jpg,.jpg,59283,500,325,1.5385,True
/content/drive/MyDrive/MASTER BIG DATA/md2_2025/ej4_clustering_flores/data/flores/Image_329.jpg,Image_329.jpg,.jpg,38720,320,240,1.3333,True
/content/drive/MyDrive/MASTER BIG DATA/md2_2025/ej4_clustering_flores/data/flores/Image_33.jpg,Image_33.jpg,.jpg,36789,320,240,1.3333,True
/content/drive/MyDrive/MASTER BIG DATA/md2_2025/ej4_clustering_flores/data/flores/Image_330.jpg,Image_330.jpg,.jpg,35313,180,240,0.75,True
/content/drive/MyDrive/MASTER BIG DATA/md2_2025/ej4_clustering_flores/data/flores/Image_331.jpg,Image_331.jpg,.jpg,30858,240,240,1.0,True
/content/drive/MyDrive/MASTER BIG DATA/md2_2025/ej4_clustering_flores/data/flores/Image_332.jpg,Image_332.jpg,.jpg,27931,320,240,1.3333,True
/content/drive/MyDrive/MASTER BIG DATA/md2_2025/ej4_clustering_flores/data/flores/Image_333.jpg,Image_333.jpg,.jpg,56792,500,333,1.5015,True
/content/drive/MyDrive/MASTER BIG DATA/md2_2025/ej4_clustering_flores/data/flores/Image_334.jpg,Image_334.jpg,.jpg,52199,500,333,1.5015,True
/content/drive/MyDrive/MASTER BIG DATA/md2_2025/ej4_clustering_flores/data/flores/Image_335.jpg,Image_335.jpg,.jpg,34234,500,333,1.5015,True
/content/drive/MyDrive/MASTER BIG DATA/md2_2025/ej4_clustering_flores/data/flores/Image_336.jpg,Image_336.jpg,.jpg,73438,500,333,1.5015,True
/content/drive/MyDrive/MASTER BIG DATA/md2_2025/ej4_clustering_flores/data/flores/Image_337.jpg,Image_337.jpg,.jpg,108497,500,436,1.1468,True
/content/drive/MyDrive/MASTER BIG DATA/md2_2025/ej4_clustering_flores/data/flores/Image_338.jpg,Image_338.jpg,.jpg,102308,500,375,1.3333,True
/content/drive/MyDrive/MASTER BIG DATA/md2_2025/ej4_clustering_flores/data/flores/Image_339.jpg,Image_339.jpg,.jpg,27670,320,213,1.5023,True
/content/drive/MyDrive/MASTER BIG DATA/md2_2025/ej4_clustering_flores/data/flores/Image_34.jpg,Image_34.jpg,.jpg,84372,500,404,1.2376,True
/content/drive/MyDrive/MASTER BIG DATA/md2_2025/ej4_clustering_flores/data/flores/Image_340.jpg,Image_340.jpg,.jpg,57390,500,333,1.5015,True
/content/drive/MyDrive/MASTER BIG DATA/md2_2025/ej4_clustering_flores/data/flores/Image_341.jpg,Image_341.jpg,.jpg,124000,500,429,1.1655,True
/content/drive/MyDrive/MASTER BIG DATA/md2_2025/ej4_clustering_flores/data/flores/Image_342.jpg,Image_342.jpg,.jpg,48390,320,213,1.5023,True
/content/drive/MyDrive/MASTER BIG DATA/md2_2025/ej4_clustering_flores/data/flores/Image_343.jpg,Image_343.jpg,.jpg,29582,180,240,0.75,True
/content/drive/MyDrive/MASTER BIG DATA/md2_2025/ej4_clustering_flores/data/flores/Image_344.jpg,Image_344.jpg,.jpg,50288,320,240,1.3333,True
/content/drive/MyDrive/MASTER BIG DATA/md2_2025/ej4_clustering_flores/data/flores/Image_345.jpg,Image_345.jpg,.jpg,81162,500,333,1.5015,True
/content/drive/MyDrive/MASTER BIG DATA/md2_2025/ej4_clustering_flores/data/flores/Image_346.jpg,Image_346.jpg,.jpg,21432,194,240,0.8083,True
/content/drive/MyDrive/MASTER BIG DATA/md2_2025/ej4_clustering_flores/data/flores/Image_347.jpg,Image_347.jpg,.jpg,69808,500,375,1.3333,True
/content/drive/MyDrive/MASTER BIG DATA/md2_2025/ej4_clustering_flores/data/flores/Image_348.jpg,Image_348.jpg,.jpg,34889,320,240,1.3333,True
/content/drive/MyDrive/MASTER BIG DATA/md2_2025/ej4_clustering_flores/data/flores/Image_349.jpg,Image_349.jpg,.jpg,61364,320,234,1.3675,True
/content/drive/MyDrive/MASTER BIG DATA/md2_2025/ej4_clustering_flores/data/flores/Image_35.jpg,Image_35.jpg,.jpg,25026,320,240,1.3333,True
/content/drive/MyDrive/MASTER BIG DATA/md2_2025/ej4_clustering_flores/data/flores/Image_350.jpg,Image_350.jpg,.jpg,101912,500,333,1.5015,True
/content/drive/MyDrive/MASTER BIG DATA/md2_2025/ej4_clustering_flores/data/flores/Image_351.jpg,Image_351.jpg,.jpg,94952,500,375,1.3333,True
/content/drive/MyDrive/MASTER BIG DATA/md2_2025/ej4_clustering_flores/data/flores/Image_352.jpg,Image_352.jpg,.jpg,19742,320,213,1.5023,True
/content/drive/MyDrive/MASTER BIG DATA/md2_2025/ej4_clustering_flores/data/flores/Image_353.jpg,Image_353.jpg,.jpg,23347,320,240,1.3333,True
/content/drive/MyDrive/MASTER BIG DATA/md2_2025/ej4_clustering_flores/data/flores/Image_354.jpg,Image_354.jpg,.jpg,57881,500,333,1.5015,True
/content/drive/MyDrive/MASTER BIG DATA/md2_2025/ej4_clustering_flores/data/flores/Image_355.jpg,Image_355.jpg,.jpg,24249,240,236,1.0169,True
/content/drive/MyDrive/MASTER BIG DATA/md2_2025/ej4_clustering_flores/data/flores/Image_356.jpg,Image_356.jpg,.jpg,67963,500,329,1.5198,True
/content/drive/MyDrive/MASTER BIG DATA/md2_2025/ej4_clustering_flores/data/flores/Image_357.jpg,Image_357.jpg,.jpg,40182,320,240,1.3333,True
/content/drive/MyDrive/MASTER BIG DATA/md2_2025/ej4_clustering_flores/data/flores/Image_358.jpg,Image_358.jpg,.jpg,23133,199,240,0.8292,True
/content/drive/MyDrive/MASTER BIG DATA/md2_2025/ej4_clustering_flores/data/flores/Image_359.jpg,Image_359.jpg,.jpg,29185,320,240,1.3333,True
/content/drive/MyDrive/MASTER BIG DATA/md2_2025/ej4_clustering_flores/data/flores/Image_36.jpg,Image_36.jpg,.jpg,47979,320,244,1.3115,True
/content/drive/MyDrive/MASTER BIG DATA/md2_2025/ej4_clustering_flores/data/flores/Image_360.jpg,Image_360.jpg,.jpg,55639,320,246,1.3008,True
/content/drive/MyDrive/MASTER BIG DATA/md2_2025/ej4_clustering_flores/data/flores/Image_361.jpg,Image_361.jpg,.jpg,38316,500,301,1.6611,True
/content/drive/MyDrive/MASTER BIG DATA/md2_2025/ej4_clustering_flores/data/flores/Image_362.jpg,Image_362.jpg,.jpg,29683,320,240,1.3333,True
/content/drive/MyDrive/MASTER BIG DATA/md2_2025/ej4_clustering_flores/data/flores/Image_363.jpg,Image_363.jpg,.jpg,58766,320,240,1.3333,True
/content/drive/MyDrive/MASTER BIG DATA/md2_2025/ej4_clustering_flores/data/flores/Image_364.jpg,Image_364.jpg,.jpg,60553,320,240,1.3333,True
/content/drive/MyDrive/MASTER BIG DATA/md2_2025/ej4_clustering_flores/data/flores/Image_365.jpg,Image_365.jpg,.jpg,67829,320,240,1.3333,True
/content/drive/MyDrive/MASTER BIG DATA/md2_2025/ej4_clustering_flores/data/flores/Image_366.jpg,Image_366.jpg,.jpg,66827,320,240,1.3333,True
/content/drive/MyDrive/MASTER BIG DATA/md2_2025/ej4_clustering_flores/data/flores/Image_367.jpg,Image_367.jpg,.jpg,53214,500,333,1.5015,True
/content/drive/MyDrive/MASTER BIG DATA/md2_2025/ej4_clustering_flores/data/flores/Image_368.jpg,Image_368.jpg,.jpg,115053,500,332,1.506,True
/content/drive/MyDrive/MASTER BIG DATA/md2_2025/ej4_clustering_flores/data/flores/Image_369.jpg,Image_369.jpg,.jpg,23813,180,240,0.75,True
/content/drive/MyDrive/MASTER BIG DATA/md2_2025/ej4_clustering_flores/data/flores/Image_37.jpg,Image_37.jpg,.jpg,83974,500,333,1.5015,True
/content/drive/MyDrive/MASTER BIG DATA/md2_2025/ej4_clustering_flores/data/flores/Image_370.jpg,Image_370.jpg,.jpg,27811,320,213,1.5023,True
/content/drive/MyDrive/MASTER BIG DATA/md2_2025/ej4_clustering_flores/data/flores/Image_371.jpg,Image_371.jpg,.jpg,53681,500,375,1.3333,True
/content/drive/MyDrive/MASTER BIG DATA/md2_2025/ej4_clustering_flores/data/flores/Image_372.jpg,Image_372.jpg,.jpg,19380,223,240,0.9292,True
/content/drive/MyDrive/MASTER BIG DATA/md2_2025/ej4_clustering_flores/data/flores/Image_373.jpg,Image_373.jpg,.jpg,35375,320,212,1.5094,True
/content/drive/MyDrive/MASTER BIG DATA/md2_2025/ej4_clustering_flores/data/flores/Image_374.jpg,Image_374.jpg,.jpg,77452,500,391,1.2788,True
/content/drive/MyDrive/MASTER BIG DATA/md2_2025/ej4_clustering_flores/data/flores/Image_375.jpg,Image_375.jpg,.jpg,31036,320,247,1.2955,True
/content/drive/MyDrive/MASTER BIG DATA/md2_2025/ej4_clustering_flores/data/flores/Image_376.jpg,Image_376.jpg,.jpg,40331,320,259,1.2355,True
/content/drive/MyDrive/MASTER BIG DATA/md2_2025/ej4_clustering_flores/data/flores/Image_377.jpg,Image_377.jpg,.jpg,132821,500,333,1.5015,True
/content/drive/MyDrive/MASTER BIG DATA/md2_2025/ej4_clustering_flores/data/flores/Image_378.jpg,Image_378.jpg,.jpg,63572,500,334,1.497,True
/content/drive/MyDrive/MASTER BIG DATA/md2_2025/ej4_clustering_flores/data/flores/Image_379.jpg,Image_379.jpg,.jpg,140146,500,375,1.3333,True
/content/drive/MyDrive/MASTER BIG DATA/md2_2025/ej4_clustering_flores/data/flores/Image_38.jpg,Image_38.jpg,.jpg,26124,240,240,1.0,True
/content/drive/MyDrive/MASTER BIG DATA/md2_2025/ej4_clustering_flores/data/flores/Image_380.jpg,Image_380.jpg,.jpg,47447,320,225,1.4222,True
/content/drive/MyDrive/MASTER BIG DATA/md2_2025/ej4_clustering_flores/data/flores/Image_381.jpg,Image_381.jpg,.jpg,48263,320,213,1.5023,True
/content/drive/MyDrive/MASTER BIG DATA/md2_2025/ej4_clustering_flores/data/flores/Image_382.jpg,Image_382.jpg,.jpg,84959,500,380,1.3158,True
/content/drive/MyDrive/MASTER BIG DATA/md2_2025/ej4_clustering_flores/data/flores/Image_383.jpg,Image_383.jpg,.jpg,83078,500,330,1.5152,True
/content/drive/MyDrive/MASTER BIG DATA/md2_2025/ej4_clustering_flores/data/flores/Image_384.jpg,Image_384.jpg,.jpg,51756,320,240,1.3333,True
/content/drive/MyDrive/MASTER BIG DATA/md2_2025/ej4_clustering_flores/data/flores/Image_385.jpg,Image_385.jpg,.jpg,36574,240,240,1.0,True
/content/drive/MyDrive/MASTER BIG DATA/md2_2025/ej4_clustering_flores/data/flores/Image_386.jpg,Image_386.jpg,.jpg,32052,320,259,1.2355,True
/content/drive/MyDrive/MASTER BIG DATA/md2_2025/ej4_clustering_flores/data/flores/Image_387.jpg,Image_387.jpg,.jpg,42038,500,335,1.4925,True
/content/drive/MyDrive/MASTER BIG DATA/md2_2025/ej4_clustering_flores/data/flores/Image_388.jpg,Image_388.jpg,.jpg,66571,500,333,1.5015,True
/content/drive/MyDrive/MASTER BIG DATA/md2_2025/ej4_clustering_flores/data/flores/Image_389.jpg,Image_389.jpg,.jpg,34360,180,240,0.75,True
/content/drive/MyDrive/MASTER BIG DATA/md2_2025/ej4_clustering_flores/data/flores/Image_39.jpg,Image_39.jpg,.jpg,18386,205,240,0.8542,True
/content/drive/MyDrive/MASTER BIG DATA/md2_2025/ej4_clustering_flores/data/flores/Image_390.jpg,Image_390.jpg,.jpg,67320,320,240,1.3333,True
/content/drive/MyDrive/MASTER BIG DATA/md2_2025/ej4_clustering_flores/data/flores/Image_391.jpg,Image_391.jpg,.jpg,101287,500,346,1.4451,True
/content/drive/MyDrive/MASTER BIG DATA/md2_2025/ej4_clustering_flores/data/flores/Image_392.jpg,Image_392.jpg,.jpg,34502,320,251,1.2749,True
/content/drive/MyDrive/MASTER BIG DATA/md2_2025/ej4_clustering_flores/data/flores/Image_393.jpg,Image_393.jpg,.jpg,51251,500,333,1.5015,True
/content/drive/MyDrive/MASTER BIG DATA/md2_2025/ej4_clustering_flores/data/flores/Image_394.jpg,Image_394.jpg,.jpg,36904,320,226,1.4159,True
/content/drive/MyDrive/MASTER BIG DATA/md2_2025/ej4_clustering_flores/data/flores/Image_395.jpg,Image_395.jpg,.jpg,39133,320,256,1.25,True
/content/drive/MyDrive/MASTER BIG DATA/md2_2025/ej4_clustering_flores/data/flores/Image_396.jpg,Image_396.jpg,.jpg,98420,500,335,1.4925,True
/content/drive/MyDrive/MASTER BIG DATA/md2_2025/ej4_clustering_flores/data/flores/Image_397.jpg,Image_397.jpg,.jpg,52256,320,240,1.3333,True
/content/drive/MyDrive/MASTER BIG DATA/md2_2025/ej4_clustering_flores/data/flores/Image_398.jpg,Image_398.jpg,.jpg,95139,500,375,1.3333,True
/content/drive/MyDrive/MASTER BIG DATA/md2_2025/ej4_clustering_flores/data/flores/Image_399.jpg,Image_399.jpg,.jpg,72743,500,375,1.3333,True
/content/drive/MyDrive/MASTER BIG DATA/md2_2025/ej4_clustering_flores/data/flores/Image_4.jpg,Image_4.jpg,.jpg,23143,175,240,0.7292,True
/content/drive/MyDrive/MASTER BIG DATA/md2_2025/ej4_clustering_flores/data/flores/Image_40.jpg,Image_40.jpg,.jpg,40376,320,240,1.3333,True
/content/drive/MyDrive/MASTER BIG DATA/md2_2025/ej4_clustering_flores/data/flores/Image_400.jpg,Image_400.jpg,.jpg,32041,240,240,1.0,True
/content/drive/MyDrive/MASTER BIG DATA/md2_2025/ej4_clustering_flores/data/flores/Image_401.jpg,Image_401.jpg,.jpg,72487,500,375,1.3333,True
/content/drive/MyDrive/MASTER BIG DATA/md2_2025/ej4_clustering_flores/data/flores/Image_402.jpg,Image_402.jpg,.jpg,31972,320,240,1.3333,True
/content/drive/MyDrive/MASTER BIG DATA/md2_2025/ej4_clustering_flores/data/flores/Image_403.jpg,Image_403.jpg,.jpg,66059,640,222,2.8829,True
/content/drive/MyDrive/MASTER BIG DATA/md2_2025/ej4_clustering_flores/data/flores/Image_404.jpg,Image_404.jpg,.jpg,91182,500,372,1.3441,True
/content/drive/MyDrive/MASTER BIG DATA/md2_2025/ej4_clustering_flores/data/flores/Image_405.jpg,Image_405.jpg,.jpg,31541,320,240,1.3333,True
/content/drive/MyDrive/MASTER BIG DATA/md2_2025/ej4_clustering_flores/data/flores/Image_406.jpg,Image_406.jpg,.jpg,118671,500,334,1.497,True
/content/drive/MyDrive/MASTER BIG DATA/md2_2025/ej4_clustering_flores/data/flores/Image_407.jpg,Image_407.jpg,.jpg,26683,240,240,1.0,True
/content/drive/MyDrive/MASTER BIG DATA/md2_2025/ej4_clustering_flores/data/flores/Image_408.jpg,Image_408.jpg,.jpg,38427,320,242,1.3223,True
/content/drive/MyDrive/MASTER BIG DATA/md2_2025/ej4_clustering_flores/data/flores/Image_409.jpg,Image_409.jpg,.jpg,48670,500,333,1.5015,True
/content/drive/MyDrive/MASTER BIG DATA/md2_2025/ej4_clustering_flores/data/flores/Image_41.jpg,Image_41.jpg,.jpg,29802,320,240,1.3333,True
/content/drive/MyDrive/MASTER BIG DATA/md2_2025/ej4_clustering_flores/data/flores/Image_410.jpg,Image_410.jpg,.jpg,138632,500,375,1.3333,True
/content/drive/MyDrive/MASTER BIG DATA/md2_2025/ej4_clustering_flores/data/flores/Image_411.jpg,Image_411.jpg,.jpg,38504,320,240,1.3333,True
/content/drive/MyDrive/MASTER BIG DATA/md2_2025/ej4_clustering_flores/data/flores/Image_412.jpg,Image_412.jpg,.jpg,39929,320,240,1.3333,True
/content/drive/MyDrive/MASTER BIG DATA/md2_2025/ej4_clustering_flores/data/flores/Image_413.jpg,Image_413.jpg,.jpg,21910,320,252,1.2698,True
/content/drive/MyDrive/MASTER BIG DATA/md2_2025/ej4_clustering_flores/data/flores/Image_414.jpg,Image_414.jpg,.jpg,31654,320,213,1.5023,True
/content/drive/MyDrive/MASTER BIG DATA/md2_2025/ej4_clustering_flores/data/flores/Image_415.jpg,Image_415.jpg,.jpg,60496,320,240,1.3333,True
/content/drive/MyDrive/MASTER BIG DATA/md2_2025/ej4_clustering_flores/data/flores/Image_416.jpg,Image_416.jpg,.jpg,116557,500,375,1.3333,True
/content/drive/MyDrive/MASTER BIG DATA/md2_2025/ej4_clustering_flores/data/flores/Image_417.jpg,Image_417.jpg,.jpg,132587,500,375,1.3333,True
/content/drive/MyDrive/MASTER BIG DATA/md2_2025/ej4_clustering_flores/data/flores/Image_418.jpg,Image_418.jpg,.jpg,53853,320,241,1.3278,True
/content/drive/MyDrive/MASTER BIG DATA/md2_2025/ej4_clustering_flores/data/flores/Image_419.jpg,Image_419.jpg,.jpg,33193,320,240,1.3333,True
/content/drive/MyDrive/MASTER BIG DATA/md2_2025/ej4_clustering_flores/data/flores/Image_42.jpg,Image_42.jpg,.jpg,38806,320,246,1.3008,True
/content/drive/MyDrive/MASTER BIG DATA/md2_2025/ej4_clustering_flores/data/flores/Image_420.jpg,Image_420.jpg,.jpg,26667,320,249,1.2851,True
/content/drive/MyDrive/MASTER BIG DATA/md2_2025/ej4_clustering_flores/data/flores/Image_421.jpg,Image_421.jpg,.jpg,20660,320,228,1.4035,True
/content/drive/MyDrive/MASTER BIG DATA/md2_2025/ej4_clustering_flores/data/flores/Image_422.jpg,Image_422.jpg,.jpg,19466,180,240,0.75,True
/content/drive/MyDrive/MASTER BIG DATA/md2_2025/ej4_clustering_flores/data/flores/Image_423.jpg,Image_423.jpg,.jpg,22790,320,240,1.3333,True
/content/drive/MyDrive/MASTER BIG DATA/md2_2025/ej4_clustering_flores/data/flores/Image_424.jpg,Image_424.jpg,.jpg,23651,240,239,1.0042,True
/content/drive/MyDrive/MASTER BIG DATA/md2_2025/ej4_clustering_flores/data/flores/Image_425.jpg,Image_425.jpg,.jpg,100727,500,375,1.3333,True
/content/drive/MyDrive/MASTER BIG DATA/md2_2025/ej4_clustering_flores/data/flores/Image_426.jpg,Image_426.jpg,.jpg,76520,500,334,1.497,True
/content/drive/MyDrive/MASTER BIG DATA/md2_2025/ej4_clustering_flores/data/flores/Image_427.jpg,Image_427.jpg,.jpg,134995,500,318,1.5723,True
/content/drive/MyDrive/MASTER BIG DATA/md2_2025/ej4_clustering_flores/data/flores/Image_428.jpg,Image_428.jpg,.jpg,62692,320,240,1.3333,True
/content/drive/MyDrive/MASTER BIG DATA/md2_2025/ej4_clustering_flores/data/flores/Image_429.jpg,Image_429.jpg,.jpg,28824,320,259,1.2355,True
/content/drive/MyDrive/MASTER BIG DATA/md2_2025/ej4_clustering_flores/data/flores/Image_43.jpg,Image_43.jpg,.jpg,16306,159,240,0.6625,True
/content/drive/MyDrive/MASTER BIG DATA/md2_2025/ej4_clustering_flores/data/flores/Image_430.jpg,Image_430.jpg,.jpg,52463,500,375,1.3333,True
/content/drive/MyDrive/MASTER BIG DATA/md2_2025/ej4_clustering_flores/data/flores/Image_431.jpg,Image_431.jpg,.jpg,61318,320,287,1.115,True
/content/drive/MyDrive/MASTER BIG DATA/md2_2025/ej4_clustering_flores/data/flores/Image_432.jpg,Image_432.jpg,.jpg,43959,320,233,1.3734,True
/content/drive/MyDrive/MASTER BIG DATA/md2_2025/ej4_clustering_flores/data/flores/Image_433.jpg,Image_433.jpg,.jpg,17020,240,221,1.086,True
/content/drive/MyDrive/MASTER BIG DATA/md2_2025/ej4_clustering_flores/data/flores/Image_434.jpg,Image_434.jpg,.jpg,47560,500,271,1.845,True
/content/drive/MyDrive/MASTER BIG DATA/md2_2025/ej4_clustering_flores/data/flores/Image_435.jpg,Image_435.jpg,.jpg,27307,231,240,0.9625,True
/content/drive/MyDrive/MASTER BIG DATA/md2_2025/ej4_clustering_flores/data/flores/Image_436.jpg,Image_436.jpg,.jpg,81430,500,375,1.3333,True
/content/drive/MyDrive/MASTER BIG DATA/md2_2025/ej4_clustering_flores/data/flores/Image_437.jpg,Image_437.jpg,.jpg,35921,500,331,1.5106,True
/content/drive/MyDrive/MASTER BIG DATA/md2_2025/ej4_clustering_flores/data/flores/Image_438.jpg,Image_438.jpg,.jpg,109843,500,333,1.5015,True
/content/drive/MyDrive/MASTER BIG DATA/md2_2025/ej4_clustering_flores/data/flores/Image_439.jpg,Image_439.jpg,.jpg,39414,320,244,1.3115,True
/content/drive/MyDrive/MASTER BIG DATA/md2_2025/ej4_clustering_flores/data/flores/Image_44.jpg,Image_44.jpg,.jpg,70471,500,336,1.4881,True
/content/drive/MyDrive/MASTER BIG DATA/md2_2025/ej4_clustering_flores/data/flores/Image_440.jpg,Image_440.jpg,.jpg,65980,500,333,1.5015,True
/content/drive/MyDrive/MASTER BIG DATA/md2_2025/ej4_clustering_flores/data/flores/Image_441.jpg,Image_441.jpg,.jpg,49108,320,240,1.3333,True
/content/drive/MyDrive/MASTER BIG DATA/md2_2025/ej4_clustering_flores/data/flores/Image_442.jpg,Image_442.jpg,.jpg,111569,500,376,1.3298,True
/content/drive/MyDrive/MASTER BIG DATA/md2_2025/ej4_clustering_flores/data/flores/Image_443.jpg,Image_443.jpg,.jpg,66721,500,375,1.3333,True
/content/drive/MyDrive/MASTER BIG DATA/md2_2025/ej4_clustering_flores/data/flores/Image_444.jpg,Image_444.jpg,.jpg,52527,320,213,1.5023,True
/content/drive/MyDrive/MASTER BIG DATA/md2_2025/ej4_clustering_flores/data/flores/Image_445.jpg,Image_445.jpg,.jpg,20479,320,240,1.3333,True
/content/drive/MyDrive/MASTER BIG DATA/md2_2025/ej4_clustering_flores/data/flores/Image_446.jpg,Image_446.jpg,.jpg,45841,320,243,1.3169,True
/content/drive/MyDrive/MASTER BIG DATA/md2_2025/ej4_clustering_flores/data/flores/Image_447.jpg,Image_447.jpg,.jpg,61291,500,375,1.3333,True
/content/drive/MyDrive/MASTER BIG DATA/md2_2025/ej4_clustering_flores/data/flores/Image_448.jpg,Image_448.jpg,.jpg,57236,320,240,1.3333,True
/content/drive/MyDrive/MASTER BIG DATA/md2_2025/ej4_clustering_flores/data/flores/Image_449.jpg,Image_449.jpg,.jpg,81353,500,333,1.5015,True
/content/drive/MyDrive/MASTER BIG DATA/md2_2025/ej4_clustering_flores/data/flores/Image_45.jpg,Image_45.jpg,.jpg,31263,240,240,1.0,True
/content/drive/MyDrive/MASTER BIG DATA/md2_2025/ej4_clustering_flores/data/flores/Image_450.jpg,Image_450.jpg,.jpg,23942,320,240,1.3333,True
/content/drive/MyDrive/MASTER BIG DATA/md2_2025/ej4_clustering_flores/data/flores/Image_451.jpg,Image_451.jpg,.jpg,72186,500,333,1.5015,True
/content/drive/MyDrive/MASTER BIG DATA/md2_2025/ej4_clustering_flores/data/flores/Image_452.jpg,Image_452.jpg,.jpg,30029,240,223,1.0762,True
/content/drive/MyDrive/MASTER BIG DATA/md2_2025/ej4_clustering_flores/data/flores/Image_453.jpg,Image_453.jpg,.jpg,26975,320,259,1.2355,True
/content/drive/MyDrive/MASTER BIG DATA/md2_2025/ej4_clustering_flores/data/flores/Image_454.jpg,Image_454.jpg,.jpg,22339,320,223,1.435,True
/content/drive/MyDrive/MASTER BIG DATA/md2_2025/ej4_clustering_flores/data/flores/Image_455.jpg,Image_455.jpg,.jpg,65157,500,332,1.506,True
/content/drive/MyDrive/MASTER BIG DATA/md2_2025/ej4_clustering_flores/data/flores/Image_456.jpg,Image_456.jpg,.jpg,101546,500,342,1.462,True
/content/drive/MyDrive/MASTER BIG DATA/md2_2025/ej4_clustering_flores/data/flores/Image_457.jpg,Image_457.jpg,.jpg,31410,500,375,1.3333,True
/content/drive/MyDrive/MASTER BIG DATA/md2_2025/ej4_clustering_flores/data/flores/Image_458.jpg,Image_458.jpg,.jpg,42549,500,314,1.5924,True
/content/drive/MyDrive/MASTER BIG DATA/md2_2025/ej4_clustering_flores/data/flores/Image_459.jpg,Image_459.jpg,.jpg,106650,500,312,1.6026,True
/content/drive/MyDrive/MASTER BIG DATA/md2_2025/ej4_clustering_flores/data/flores/Image_46.jpg,Image_46.jpg,.jpg,36704,500,333,1.5015,True
/content/drive/MyDrive/MASTER BIG DATA/md2_2025/ej4_clustering_flores/data/flores/Image_460.jpg,Image_460.jpg,.jpg,118347,500,333,1.5015,True
/content/drive/MyDrive/MASTER BIG DATA/md2_2025/ej4_clustering_flores/data/flores/Image_461.jpg,Image_461.jpg,.jpg,43182,320,213,1.5023,True
/content/drive/MyDrive/MASTER BIG DATA/md2_2025/ej4_clustering_flores/data/flores/Image_462.jpg,Image_462.jpg,.jpg,37235,500,333,1.5015,True
/content/drive/MyDrive/MASTER BIG DATA/md2_2025/ej4_clustering_flores/data/flores/Image_463.jpg,Image_463.jpg,.jpg,89393,500,333,1.5015,True
/content/drive/MyDrive/MASTER BIG DATA/md2_2025/ej4_clustering_flores/data/flores/Image_464.jpg,Image_464.jpg,.jpg,24797,240,223,1.0762,True
/content/drive/MyDrive/MASTER BIG DATA/md2_2025/ej4_clustering_flores/data/flores/Image_465.jpg,Image_465.jpg,.jpg,28350,240,225,1.0667,True
/content/drive/MyDrive/MASTER BIG DATA/md2_2025/ej4_clustering_flores/data/flores/Image_466.jpg,Image_466.jpg,.jpg,39376,500,375,1.3333,True
/content/drive/MyDrive/MASTER BIG DATA/md2_2025/ej4_clustering_flores/data/flores/Image_467.jpg,Image_467.jpg,.jpg,41741,320,240,1.3333,True
/content/drive/MyDrive/MASTER BIG DATA/md2_2025/ej4_clustering_flores/data/flores/Image_468.jpg,Image_468.jpg,.jpg,22726,240,240,1.0,True
/content/drive/MyDrive/MASTER BIG DATA/md2_2025/ej4_clustering_flores/data/flores/Image_469.jpg,Image_469.jpg,.jpg,60948,320,240,1.3333,True
/content/drive/MyDrive/MASTER BIG DATA/md2_2025/ej4_clustering_flores/data/flores/Image_47.jpg,Image_47.jpg,.jpg,121177,500,375,1.3333,True
/content/drive/MyDrive/MASTER BIG DATA/md2_2025/ej4_clustering_flores/data/flores/Image_470.jpg,Image_470.jpg,.jpg,55666,320,213,1.5023,True
/content/drive/MyDrive/MASTER BIG DATA/md2_2025/ej4_clustering_flores/data/flores/Image_471.jpg,Image_471.jpg,.jpg,80443,500,333,1.5015,True
/content/drive/MyDrive/MASTER BIG DATA/md2_2025/ej4_clustering_flores/data/flores/Image_472.jpg,Image_472.jpg,.jpg,77013,320,239,1.3389,True
/content/drive/MyDrive/MASTER BIG DATA/md2_2025/ej4_clustering_flores/data/flores/Image_473.jpg,Image_473.jpg,.jpg,62937,500,333,1.5015,True
/content/drive/MyDrive/MASTER BIG DATA/md2_2025/ej4_clustering_flores/data/flores/Image_474.jpg,Image_474.jpg,.jpg,21225,320,213,1.5023,True
/content/drive/MyDrive/MASTER BIG DATA/md2_2025/ej4_clustering_flores/data/flores/Image_475.jpg,Image_475.jpg,.jpg,54601,500,333,1.5015,True
/content/drive/MyDrive/MASTER BIG DATA/md2_2025/ej4_clustering_flores/data/flores/Image_476.jpg,Image_476.jpg,.jpg,22970,320,212,1.5094,True
/content/drive/MyDrive/MASTER BIG DATA/md2_2025/ej4_clustering_flores/data/flores/Image_477.jpg,Image_477.jpg,.jpg,65703,500,375,1.3333,True
/content/drive/MyDrive/MASTER BIG DATA/md2_2025/ej4_clustering_flores/data/flores/Image_478.jpg,Image_478.jpg,.jpg,68064,320,240,1.3333,True
/content/drive/MyDrive/MASTER BIG DATA/md2_2025/ej4_clustering_flores/data/flores/Image_479.jpg,Image_479.jpg,.jpg,58584,500,333,1.5015,True
/content/drive/MyDrive/MASTER BIG DATA/md2_2025/ej4_clustering_flores/data/flores/Image_48.jpg,Image_48.jpg,.jpg,116882,500,312,1.6026,True
/content/drive/MyDrive/MASTER BIG DATA/md2_2025/ej4_clustering_flores/data/flores/Image_480.jpg,Image_480.jpg,.jpg,54532,320,240,1.3333,True
/content/drive/MyDrive/MASTER BIG DATA/md2_2025/ej4_clustering_flores/data/flores/Image_481.jpg,Image_481.jpg,.jpg,21838,179,240,0.7458,True
/content/drive/MyDrive/MASTER BIG DATA/md2_2025/ej4_clustering_flores/data/flores/Image_482.jpg,Image_482.jpg,.jpg,73137,500,331,1.5106,True
/content/drive/MyDrive/MASTER BIG DATA/md2_2025/ej4_clustering_flores/data/flores/Image_483.jpg,Image_483.jpg,.jpg,40738,500,332,1.506,True
/content/drive/MyDrive/MASTER BIG DATA/md2_2025/ej4_clustering_flores/data/flores/Image_484.jpg,Image_484.jpg,.jpg,157211,500,375,1.3333,True
/content/drive/MyDrive/MASTER BIG DATA/md2_2025/ej4_clustering_flores/data/flores/Image_485.jpg,Image_485.jpg,.jpg,62511,500,375,1.3333,True
/content/drive/MyDrive/MASTER BIG DATA/md2_2025/ej4_clustering_flores/data/flores/Image_486.jpg,Image_486.jpg,.jpg,61868,500,332,1.506,True
/content/drive/MyDrive/MASTER BIG DATA/md2_2025/ej4_clustering_flores/data/flores/Image_487.jpg,Image_487.jpg,.jpg,29491,180,240,0.75,True
/content/drive/MyDrive/MASTER BIG DATA/md2_2025/ej4_clustering_flores/data/flores/Image_488.jpg,Image_488.jpg,.jpg,20329,180,240,0.75,True
/content/drive/MyDrive/MASTER BIG DATA/md2_2025/ej4_clustering_flores/data/flores/Image_489.jpg,Image_489.jpg,.jpg,74058,500,332,1.506,True
/content/drive/MyDrive/MASTER BIG DATA/md2_2025/ej4_clustering_flores/data/flores/Image_49.jpg,Image_49.jpg,.jpg,112392,500,375,1.3333,True
/content/drive/MyDrive/MASTER BIG DATA/md2_2025/ej4_clustering_flores/data/flores/Image_490.jpg,Image_490.jpg,.jpg,139568,500,333,1.5015,True
/content/drive/MyDrive/MASTER BIG DATA/md2_2025/ej4_clustering_flores/data/flores/Image_491.jpg,Image_491.jpg,.jpg,44742,320,240,1.3333,True
/content/drive/MyDrive/MASTER BIG DATA/md2_2025/ej4_clustering_flores/data/flores/Image_492.jpg,Image_492.jpg,.jpg,61500,320,240,1.3333,True
/content/drive/MyDrive/MASTER BIG DATA/md2_2025/ej4_clustering_flores/data/flores/Image_493.jpg,Image_493.jpg,.jpg,141760,500,333,1.5015,True
/content/drive/MyDrive/MASTER BIG DATA/md2_2025/ej4_clustering_flores/data/flores/Image_494.jpg,Image_494.jpg,.jpg,57364,320,239,1.3389,True
/content/drive/MyDrive/MASTER BIG DATA/md2_2025/ej4_clustering_flores/data/flores/Image_495.jpg,Image_495.jpg,.jpg,52388,320,240,1.3333,True
/content/drive/MyDrive/MASTER BIG DATA/md2_2025/ej4_clustering_flores/data/flores/Image_496.jpg,Image_496.jpg,.jpg,46285,500,344,1.4535,True
/content/drive/MyDrive/MASTER BIG DATA/md2_2025/ej4_clustering_flores/data/flores/Image_497.jpg,Image_497.jpg,.jpg,19689,240,214,1.1215,True
/content/drive/MyDrive/MASTER BIG DATA/md2_2025/ej4_clustering_flores/data/flores/Image_498.jpg,Image_498.jpg,.jpg,90153,500,375,1.3333,True
/content/drive/MyDrive/MASTER BIG DATA/md2_2025/ej4_clustering_flores/data/flores/Image_499.jpg,Image_499.jpg,.jpg,42035,500,333,1.5015,True
/content/drive/MyDrive/MASTER BIG DATA/md2_2025/ej4_clustering_flores/data/flores/Image_5.jpg,Image_5.jpg,.jpg,93737,500,392,1.2755,True
/content/drive/MyDrive/MASTER BIG DATA/md2_2025/ej4_clustering_flores/data/flores/Image_50.jpg,Image_50.jpg,.jpg,96070,500,375,1.3333,True
/content/drive/MyDrive/MASTER BIG DATA/md2_2025/ej4_clustering_flores/data/flores/Image_500.jpg,Image_500.jpg,.jpg,25923,240,213,1.1268,True
/content/drive/MyDrive/MASTER BIG DATA/md2_2025/ej4_clustering_flores/data/flores/Image_51.jpg,Image_51.jpg,.jpg,16622,180,240,0.75,True
/content/drive/MyDrive/MASTER BIG DATA/md2_2025/ej4_clustering_flores/data/flores/Image_52.jpg,Image_52.jpg,.jpg,37199,320,225,1.4222,True
/content/drive/MyDrive/MASTER BIG DATA/md2_2025/ej4_clustering_flores/data/flores/Image_53.jpg,Image_53.jpg,.jpg,98535,500,325,1.5385,True
/content/drive/MyDrive/MASTER BIG DATA/md2_2025/ej4_clustering_flores/data/flores/Image_54.jpg,Image_54.jpg,.jpg,120854,500,375,1.3333,True
/content/drive/MyDrive/MASTER BIG DATA/md2_2025/ej4_clustering_flores/data/flores/Image_55.jpg,Image_55.jpg,.jpg,37636,320,240,1.3333,True
/content/drive/MyDrive/MASTER BIG DATA/md2_2025/ej4_clustering_flores/data/flores/Image_56.jpg,Image_56.jpg,.jpg,30515,465,288,1.6146,True
/content/drive/MyDrive/MASTER BIG DATA/md2_2025/ej4_clustering_flores/data/flores/Image_57.jpg,Image_57.jpg,.jpg,27660,180,240,0.75,True
/content/drive/MyDrive/MASTER BIG DATA/md2_2025/ej4_clustering_flores/data/flores/Image_58.jpg,Image_58.jpg,.jpg,59822,500,375,1.3333,True
/content/drive/MyDrive/MASTER BIG DATA/md2_2025/ej4_clustering_flores/data/flores/Image_59.jpg,Image_59.jpg,.jpg,55233,320,240,1.3333,True
/content/drive/MyDrive/MASTER BIG DATA/md2_2025/ej4_clustering_flores/data/flores/Image_6.jpg,Image_6.jpg,.jpg,38748,320,211,1.5166,True
/content/drive/MyDrive/MASTER BIG DATA/md2_2025/ej4_clustering_flores/data/flores/Image_60.jpg,Image_60.jpg,.jpg,60069,500,333,1.5015,True
/content/drive/MyDrive/MASTER BIG DATA/md2_2025/ej4_clustering_flores/data/flores/Image_61.jpg,Image_61.jpg,.jpg,81766,500,428,1.1682,True
/content/drive/MyDrive/MASTER BIG DATA/md2_2025/ej4_clustering_flores/data/flores/Image_62.jpg,Image_62.jpg,.jpg,62613,500,334,1.497,True
/content/drive/MyDrive/MASTER BIG DATA/md2_2025/ej4_clustering_flores/data/flores/Image_63.jpg,Image_63.jpg,.jpg,30211,320,240,1.3333,True
/content/drive/MyDrive/MASTER BIG DATA/md2_2025/ej4_clustering_flores/data/flores/Image_64.jpg,Image_64.jpg,.jpg,48453,320,277,1.1552,True
/content/drive/MyDrive/MASTER BIG DATA/md2_2025/ej4_clustering_flores/data/flores/Image_65.jpg,Image_65.jpg,.jpg,107993,500,376,1.3298,True
/content/drive/MyDrive/MASTER BIG DATA/md2_2025/ej4_clustering_flores/data/flores/Image_66.jpg,Image_66.jpg,.jpg,35096,320,240,1.3333,True
/content/drive/MyDrive/MASTER BIG DATA/md2_2025/ej4_clustering_flores/data/flores/Image_67.jpg,Image_67.jpg,.jpg,31199,199,240,0.8292,True
/content/drive/MyDrive/MASTER BIG DATA/md2_2025/ej4_clustering_flores/data/flores/Image_68.jpg,Image_68.jpg,.jpg,49680,320,240,1.3333,True
/content/drive/MyDrive/MASTER BIG DATA/md2_2025/ej4_clustering_flores/data/flores/Image_69.jpg,Image_69.jpg,.jpg,30460,320,213,1.5023,True
/content/drive/MyDrive/MASTER BIG DATA/md2_2025/ej4_clustering_flores/data/flores/Image_7.jpg,Image_7.jpg,.jpg,32446,320,229,1.3974,True
/content/drive/MyDrive/MASTER BIG DATA/md2_2025/ej4_clustering_flores/data/flores/Image_70.jpg,Image_70.jpg,.jpg,26449,320,236,1.3559,True
/content/drive/MyDrive/MASTER BIG DATA/md2_2025/ej4_clustering_flores/data/flores/Image_71.jpg,Image_71.jpg,.jpg,113493,500,375,1.3333,True
/content/drive/MyDrive/MASTER BIG DATA/md2_2025/ej4_clustering_flores/data/flores/Image_72.jpg,Image_72.jpg,.jpg,23750,320,278,1.1511,True
/content/drive/MyDrive/MASTER BIG DATA/md2_2025/ej4_clustering_flores/data/flores/Image_73.jpg,Image_73.jpg,.jpg,46229,500,388,1.2887,True
/content/drive/MyDrive/MASTER BIG DATA/md2_2025/ej4_clustering_flores/data/flores/Image_74.jpg,Image_74.jpg,.jpg,30647,180,240,0.75,True
/content/drive/MyDrive/MASTER BIG DATA/md2_2025/ej4_clustering_flores/data/flores/Image_75.jpg,Image_75.jpg,.jpg,46454,320,240,1.3333,True
/content/drive/MyDrive/MASTER BIG DATA/md2_2025/ej4_clustering_flores/data/flores/Image_76.jpg,Image_76.jpg,.jpg,144875,500,375,1.3333,True
/content/drive/MyDrive/MASTER BIG DATA/md2_2025/ej4_clustering_flores/data/flores/Image_77.jpg,Image_77.jpg,.jpg,16428,172,240,0.7167,True
/content/drive/MyDrive/MASTER BIG DATA/md2_2025/ej4_clustering_flores/data/flores/Image_78.jpg,Image_78.jpg,.jpg,19862,240,215,1.1163,True
/content/drive/MyDrive/MASTER BIG DATA/md2_2025/ej4_clustering_flores/data/flores/Image_79.jpg,Image_79.jpg,.jpg,99433,500,333,1.5015,True
/content/drive/MyDrive/MASTER BIG DATA/md2_2025/ej4_clustering_flores/data/flores/Image_8.jpg,Image_8.jpg,.jpg,75061,500,375,1.3333,True
/content/drive/MyDrive/MASTER BIG DATA/md2_2025/ej4_clustering_flores/data/flores/Image_80.jpg,Image_80.jpg,.jpg,48030,320,240,1.3333,True
/content/drive/MyDrive/MASTER BIG DATA/md2_2025/ej4_clustering_flores/data/flores/Image_81.jpg,Image_81.jpg,.jpg,15668,180,240,0.75,True
/content/drive/MyDrive/MASTER BIG DATA/md2_2025/ej4_clustering_flores/data/flores/Image_82.jpg,Image_82.jpg,.jpg,55534,320,240,1.3333,True
/content/drive/MyDrive/MASTER BIG DATA/md2_2025/ej4_clustering_flores/data/flores/Image_83.jpg,Image_83.jpg,.jpg,75452,500,281,1.7794,True
/content/drive/MyDrive/MASTER BIG DATA/md2_2025/ej4_clustering_flores/data/flores/Image_84.jpg,Image_84.jpg,.jpg,50624,320,240,1.3333,True
/content/drive/MyDrive/MASTER BIG DATA/md2_2025/ej4_clustering_flores/data/flores/Image_85.jpg,Image_85.jpg,.jpg,46132,500,334,1.497,True
/content/drive/MyDrive/MASTER BIG DATA/md2_2025/ej4_clustering_flores/data/flores/Image_86.jpg,Image_86.jpg,.jpg,19948,240,238,1.0084,True
/content/drive/MyDrive/MASTER BIG DATA/md2_2025/ej4_clustering_flores/data/flores/Image_87.jpg,Image_87.jpg,.jpg,52389,320,230,1.3913,True
/content/drive/MyDrive/MASTER BIG DATA/md2_2025/ej4_clustering_flores/data/flores/Image_88.jpg,Image_88.jpg,.jpg,25141,320,225,1.4222,True
/content/drive/MyDrive/MASTER BIG DATA/md2_2025/ej4_clustering_flores/data/flores/Image_89.jpg,Image_89.jpg,.jpg,89198,500,375,1.3333,True
/content/drive/MyDrive/MASTER BIG DATA/md2_2025/ej4_clustering_flores/data/flores/Image_9.jpg,Image_9.jpg,.jpg,24467,159,240,0.6625,True
/content/drive/MyDrive/MASTER BIG DATA/md2_2025/ej4_clustering_flores/data/flores/Image_90.jpg,Image_90.jpg,.jpg,70043,500,281,1.7794,True
/content/drive/MyDrive/MASTER BIG DATA/md2_2025/ej4_clustering_flores/data/flores/Image_91.jpg,Image_91.jpg,.jpg,58139,500,375,1.3333,True
/content/drive/MyDrive/MASTER BIG DATA/md2_2025/ej4_clustering_flores/data/flores/Image_92.jpg,Image_92.jpg,.jpg,54477,320,225,1.4222,True
/content/drive/MyDrive/MASTER BIG DATA/md2_2025/ej4_clustering_flores/data/flores/Image_922.jpg,Image_922.jpg,.jpg,111714,500,375,1.3333,True
/content/drive/MyDrive/MASTER BIG DATA/md2_2025/ej4_clustering_flores/data/flores/Image_923.jpg,Image_923.jpg,.jpg,25287,240,240,1.0,True
/content/drive/MyDrive/MASTER BIG DATA/md2_2025/ej4_clustering_flores/data/flores/Image_924.jpg,Image_924.jpg,.jpg,25619,320,240,1.3333,True
/content/drive/MyDrive/MASTER BIG DATA/md2_2025/ej4_clustering_flores/data/flores/Image_93.jpg,Image_93.jpg,.jpg,45931,500,313,1.5974,True
/content/drive/MyDrive/MASTER BIG DATA/md2_2025/ej4_clustering_flores/data/flores/Image_94.jpg,Image_94.jpg,.jpg,53524,320,213,1.5023,True
/content/drive/MyDrive/MASTER BIG DATA/md2_2025/ej4_clustering_flores/data/flores/Image_95.jpg,Image_95.jpg,.jpg,40284,320,240,1.3333,True
/content/drive/MyDrive/MASTER BIG DATA/md2_2025/ej4_clustering_flores/data/flores/Image_96.jpg,Image_96.jpg,.jpg,24913,320,240,1.3333,True
/content/drive/MyDrive/MASTER BIG DATA/md2_2025/ej4_clustering_flores/data/flores/Image_97.jpg,Image_97.jpg,.jpg,33494,320,229,1.3974,True
/content/drive/MyDrive/MASTER BIG DATA/md2_2025/ej4_clustering_flores/data/flores/Image_98.jpg,Image_98.jpg,.jpg,100042,500,333,1.5015,True
/content/drive/MyDrive/MASTER BIG DATA/md2_2025/ej4_clustering_flores/data/flores/Image_99.jpg,Image_99.jpg,.jpg,49647,320,240,1.3333,True
